start_s,end_s,behavior
0.0,15.971960993801307,rest
15.971960993801307,42.43690899158587,move
42.43690899158587,49.79134268877711,rest
49.79134268877711,79.18190147969601,move
79.18190147969601,103.83350911161986,move
103.83350911161986,112.03634992850851,move
112.03634992850851,120.0,move
